WARENEINGANG_NR;WARENEINGANG_DATUM;RECHNUNGSNUMMER;KREDITOR;KREDITORNAME;BETRAG_EUR;BEMERKUNG
WE400000;01.01.2025;ER900000;200035;Fokus Handel GmbH;61802,00;Material
WE400001;20.01.2025;ER900001;200097;Saturn Distribution e.K.;57656,00;Material
WE400002;29.01.2025;ER900002;200023;Orion Werkstoffe SE;70544,00;Material
WE400003;29.01.2025;ER900003;200019;Süd Handel e.K.;56555,00;Material
WE400004;11.01.2025;ER900004;200071;Pactum Handel GmbH;57902,00;Material
WE400005;22.01.2025;ER900005;200120;Atlas Formteile KG;42550,00;Material
WE400006;01.01.2025;ER900006;200060;Merkur Chemie KG;75654,00;Material
WE400007;21.01.2025;ER900007;200082;Fokus Industriebedarf GmbH;49252,00;Material
WE400008;22.01.2025;ER900008;200036;Titan Recycling GmbH & Co. KG;20782,00;Material
WE400009;18.01.2025;ER900009;200040;Merkur Handel GmbH;87808,00;Material
WE400010;08.01.2025;ER900010;200111;Corvus Maschinen KG;6913,00;Material
WE400011;19.01.2025;ER900011;200128;Helios Karton KG;54129,00;Material
WE400012;04.01.2025;ER900012;200072;Cives Handel KG;48993,00;Material
WE400013;21.01.2025;ER900013;200071;Pactum Handel GmbH;87002,00;Material
WE400014;12.01.2025;ER900014;200078;Cives Technik GmbH;37716,00;Material
WE400015;24.01.2025;ER900015;200115;Castor Maschinen SE;36431,00;Material
WE400016;02.01.2025;ER900016;200093;Pactum Druck GmbH;19786,00;Material
WE400017;20.01.2025;ER900017;200034;Cives Transport GmbH;52958,00;Material
WE400018;15.01.2025;ER900018;200011;Boreas Druck GmbH & Co. KG;37690,00;Material
WE400019;02.01.2025;ER900019;200003;Iris Industriebedarf KG;85521,00;Material
WE400020;28.01.2025;ER900020;200017;Orion Handel GmbH & Co. KG;52519,00;Material
WE400021;23.01.2025;ER900021;200102;Orion Maschinen e.K.;65863,00;Material
WE400022;23.01.2025;ER900022;200044;Delta Etiketten GmbH & Co. KG;4570,00;Material
WE400023;13.01.2025;ER900023;200083;Castor Chemie GmbH & Co. KG;81445,00;Material
WE400024;04.01.2025;ER900024;200052;Solum Chemie GmbH;40061,00;Material
WE400025;06.01.2025;ER900025;200099;Nova Systeme SE;20927,00;Material
WE400026;20.01.2025;ER900026;200100;Pollux Verpackung e.K.;37426,00;Material
WE400027;06.01.2025;ER900027;200072;Cives Handel KG;29134,00;Material
WE400028;01.01.2025;ER900028;200097;Saturn Distribution e.K.;32231,00;Material
WE400029;12.01.2025;ER900029;200049;Aurora Technik GmbH;12868,00;Material
WE400030;15.01.2025;ER900030;200126;Corvus Handel GmbH;20117,00;Material
WE400031;05.01.2025;ER900031;200034;Cives Transport GmbH;29662,00;Material
WE400032;09.01.2025;ER900032;200082;Fokus Industriebedarf GmbH;13963,00;Material
WE400033;02.01.2025;ER900033;200065;Reiher Kunststoff GmbH;15521,00;Material
WE400034;15.01.2025;ER900034;200000;Delta Distribution SE;76357,00;Material
WE400035;05.01.2025;ER900035;200050;Titan Technik GmbH;16050,00;Material
WE400036;09.01.2025;ER900036;200110;Saturn Formteile GmbH;57573,00;Material
WE400037;23.01.2025;ER900037;200109;Lupus Papier e.K.;40923,00;Material
WE400038;04.01.2025;ER900038;200107;Cives Etiketten SE;66575,00;Material
WE400039;03.01.2025;ER900039;200108;Castor Distribution GmbH;18675,00;Material
WE400040;02.01.2025;ER900040;200119;Castor Formteile KG;20083,00;Material
WE400041;15.01.2025;ER900041;200102;Orion Maschinen e.K.;37278,00;Material
WE400042;26.01.2025;ER900042;200087;Pollux Werkstoffe GmbH;48841,00;Material
WE400043;23.01.2025;ER900043;200075;Delta Logistik SE;57769,00;Material
WE400044;31.01.2025;ER900044;200000;Delta Distribution SE;35861,00;Material
WE400045;01.01.2025;ER900045;200086;Adler Papier GmbH;60066,00;Material
WE400046;03.01.2025;ER900046;200044;Delta Etiketten GmbH & Co. KG;27939,00;Material
WE400047;09.01.2025;ER900047;200017;Orion Handel GmbH & Co. KG;63524,00;Material
WE400048;09.01.2025;ER900048;200114;Merkur Etiketten AG;73873,00;Material
WE400049;23.01.2025;ER900049;200067;Ost Recycling GmbH;43228,00;Material
WE400050;17.01.2025;ER900050;200057;Saturn Maschinen GmbH;43265,00;Material
WE400051;31.01.2025;ER900051;200107;Cives Etiketten SE;70391,00;Material
WE400052;09.01.2025;ER900052;200099;Nova Systeme SE;30195,00;Material
WE400053;07.01.2025;ER900053;200091;Nova Recycling AG;8151,00;Material
WE400054;22.01.2025;ER900054;200121;Vega Kunststoff AG;11397,00;Material
WE400055;21.01.2025;ER900055;200057;Saturn Maschinen GmbH;50240,00;Material
WE400056;01.01.2025;ER900056;200066;Castor Transport KG;85350,00;Material
WE400057;21.01.2025;ER900057;200048;Vega Chemie GmbH;72723,00;Material
WE400058;22.01.2025;ER900058;200019;Süd Handel e.K.;19245,00;Material
WE400059;24.01.2025;ER900059;200028;Merkur Kunststoff GmbH;47715,00;Material
WE400060;23.01.2025;ER900060;200036;Titan Recycling GmbH & Co. KG;23420,00;Material
WE400061;08.01.2025;ER900061;200129;Omega Papier AG;13137,00;Material
WE400062;08.01.2025;ER900062;200098;Prisma Systeme GmbH & Co. KG;43755,00;Material
WE400063;20.01.2025;ER900063;200049;Aurora Technik GmbH;51927,00;Material
WE400064;12.01.2025;ER900064;200033;Aurora Formteile e.K.;13245,00;Material
WE400065;11.01.2025;ER900065;200008;Vega Recycling GmbH;54819,00;Material
WE400066;11.01.2025;ER900066;200102;Orion Maschinen e.K.;50142,00;Material
WE400067;09.01.2025;ER900067;200127;Ost Systeme e.K.;69166,00;Material
WE400068;24.01.2025;ER900068;200046;Kronos Handel GmbH;27470,00;Material
WE400069;15.01.2025;ER900069;200004;Ratio Maschinen e.K.;57468,00;Material
WE400070;22.02.2025;ER900118;200083;Castor Chemie GmbH & Co. KG;30141,00;Material
WE400071;28.02.2025;ER900119;200119;Castor Formteile KG;50477,00;Material
WE400072;24.02.2025;ER900120;200017;Orion Handel GmbH & Co. KG;41094,00;Material
WE400073;01.02.2025;ER900121;200007;Castor Papier GmbH;32297,00;Material
WE400074;11.02.2025;ER900122;200029;West Logistik KG;7887,00;Material
WE400075;25.02.2025;ER900123;200003;Iris Industriebedarf KG;22591,00;Material
WE400076;09.02.2025;ER900124;200102;Orion Maschinen e.K.;33698,00;Material
WE400077;28.02.2025;ER900125;200013;West Papier AG;66723,00;Material
WE400078;18.02.2025;ER900126;200087;Pollux Werkstoffe GmbH;45721,00;Material
WE400079;03.02.2025;ER900127;200096;Terra Beschichtung GmbH;6471,00;Material
WE400080;27.02.2025;ER900128;200015;Omega Transport GmbH;61322,00;Material
WE400081;03.02.2025;ER900129;200083;Castor Chemie GmbH & Co. KG;10785,00;Material
WE400082;09.02.2025;ER900130;200013;West Papier AG;72228,00;Material
WE400083;13.02.2025;ER900131;200028;Merkur Kunststoff GmbH;5357,00;Material
WE400084;05.02.2025;ER900132;200119;Castor Formteile KG;26072,00;Material
WE400085;15.02.2025;ER900133;200091;Nova Recycling AG;35946,00;Material
WE400086;13.02.2025;ER900134;200022;Solum Kunststoff GmbH;35906,00;Material
WE400087;03.02.2025;ER900135;200004;Ratio Maschinen e.K.;61729,00;Material
WE400088;16.02.2025;ER900136;200074;Delta Kunststoff GmbH;13761,00;Material
WE400089;03.02.2025;ER900137;200014;Reiher Recycling GmbH;82600,00;Material
WE400090;06.02.2025;ER900138;200114;Merkur Etiketten AG;59676,00;Material
WE400091;27.02.2025;ER900139;200056;Nova Technik GmbH;23985,00;Material
WE400092;01.02.2025;ER900140;200056;Nova Technik GmbH;11871,00;Material
WE400093;12.02.2025;ER900141;200008;Vega Recycling GmbH;16603,00;Material
WE400094;20.02.2025;ER900142;200019;Süd Handel e.K.;42104,00;Material
WE400095;16.02.2025;ER900143;200108;Castor Distribution GmbH;66381,00;Material
WE400096;07.02.2025;ER900144;200110;Saturn Formteile GmbH;21149,00;Material
WE400097;06.02.2025;ER900145;200090;Pactum Chemie SE;72533,00;Material
WE400098;11.02.2025;ER900146;200113;Pollux Systeme GmbH & Co. KG;13761,00;Material
WE400099;02.02.2025;ER900147;200020;Reiher Etiketten KG;75675,00;Material
WE400100;09.02.2025;ER900148;200061;Iris Etiketten SE;70424,00;Material
WE400101;07.02.2025;ER900149;200100;Pollux Verpackung e.K.;33482,00;Material
WE400102;14.02.2025;ER900150;200073;Cives Handel GmbH & Co. KG;35584,00;Material
WE400103;07.02.2025;ER900151;200119;Castor Formteile KG;2197,00;Material
WE400104;11.02.2025;ER900152;200128;Helios Karton KG;49568,00;Material
WE400105;03.02.2025;ER900153;200014;Reiher Recycling GmbH;55047,00;Material
WE400106;01.02.2025;ER900154;200003;Iris Industriebedarf KG;80509,00;Material
WE400107;01.02.2025;ER900155;200055;Ost Kunststoff AG;67148,00;Material
WE400108;18.02.2025;ER900156;200093;Pactum Druck GmbH;9897,00;Material
WE400109;12.02.2025;ER900157;200038;Titan Etiketten GmbH;38510,00;Material
WE400110;03.02.2025;ER900158;200087;Pollux Werkstoffe GmbH;71935,00;Material
WE400111;23.02.2025;ER900159;200104;Kronos Verpackung AG;58292,00;Material
WE400112;27.02.2025;ER900160;200122;Fokus Beschichtung GmbH;63609,00;Material
WE400113;16.02.2025;ER900161;200116;Lupus Werkstoffe GmbH;26409,00;Material
WE400114;14.02.2025;ER900162;200078;Cives Technik GmbH;86896,00;Material
WE400115;18.02.2025;ER900163;200078;Cives Technik GmbH;22117,00;Material
WE400116;02.02.2025;ER900164;200029;West Logistik KG;12804,00;Material
WE400117;22.02.2025;ER900165;200098;Prisma Systeme GmbH & Co. KG;85072,00;Material
WE400118;28.02.2025;ER900166;200113;Pollux Systeme GmbH & Co. KG;21278,00;Material
WE400119;01.02.2025;ER900167;200022;Solum Kunststoff GmbH;27881,00;Material
WE400120;25.02.2025;ER900168;200091;Nova Recycling AG;54516,00;Material
WE400121;10.02.2025;ER900169;200043;Delta Etiketten GmbH;23337,00;Material
WE400122;07.02.2025;ER900170;200045;Ost Industriebedarf GmbH;26780,00;Material
WE400123;06.02.2025;ER900171;200094;Solum Handel e.K.;69019,00;Material
WE400124;08.02.2025;ER900172;200059;Lupus Handel SE;10349,00;Material
WE400125;05.02.2025;ER900173;200008;Vega Recycling GmbH;50421,00;Material
WE400126;17.02.2025;ER900174;200054;Saturn Folien GmbH;50150,00;Material
WE400127;05.02.2025;ER900175;200059;Lupus Handel SE;84073,00;Material
WE400128;20.02.2025;ER900176;200064;Titan Papier GmbH;6838,00;Material
WE400129;07.02.2025;ER900177;200062;Pactum Industriebedarf GmbH & Co. KG;9468,00;Material
WE400130;04.02.2025;ER900178;200088;Saturn Recycling GmbH;49490,00;Material
WE400131;28.02.2025;ER900179;200125;Orion Beschichtung GmbH;44036,00;Material
WE400132;28.02.2025;ER900180;200038;Titan Etiketten GmbH;8490,00;Material
WE400133;24.02.2025;ER900181;200112;Cives Maschinen GmbH & Co. KG;14643,00;Material
WE400134;10.02.2025;ER900182;200127;Ost Systeme e.K.;60935,00;Material
WE400135;18.02.2025;ER900183;200116;Lupus Werkstoffe GmbH;58858,00;Material
WE400136;12.02.2025;ER900184;200126;Corvus Handel GmbH;18721,00;Material
WE400137;08.02.2025;ER900185;200101;Prisma Etiketten SE;63359,00;Material
WE400138;11.02.2025;ER900186;200126;Corvus Handel GmbH;10444,00;Material
WE400139;23.02.2025;ER900187;200008;Vega Recycling GmbH;50795,00;Material
WE400140;31.03.2025;ER900236;200061;Iris Etiketten SE;11352,00;Material
WE400141;28.03.2025;ER900237;200101;Prisma Etiketten SE;55017,00;Material
WE400142;22.03.2025;ER900238;200070;Kronos Etiketten e.K.;41028,00;Material
WE400143;18.03.2025;ER900239;200116;Lupus Werkstoffe GmbH;65461,00;Material
WE400144;22.03.2025;ER900240;200116;Lupus Werkstoffe GmbH;59992,00;Material
WE400145;17.03.2025;ER900241;200071;Pactum Handel GmbH;13031,00;Material
WE400146;21.03.2025;ER900242;200060;Merkur Chemie KG;59169,00;Material
WE400147;24.03.2025;ER900243;200060;Merkur Chemie KG;31640,00;Material
WE400148;28.03.2025;ER900244;200045;Ost Industriebedarf GmbH;53610,00;Material
WE400149;14.03.2025;ER900245;200092;Titan Verpackung KG;43731,00;Material
WE400150;11.03.2025;ER900246;200129;Omega Papier AG;27604,00;Material
WE400151;20.03.2025;ER900247;200059;Lupus Handel SE;46744,00;Material
WE400152;02.03.2025;ER900248;200096;Terra Beschichtung GmbH;59039,00;Material
WE400153;16.03.2025;ER900249;200026;Prisma Formteile e.K.;61424,00;Material
WE400154;04.03.2025;ER900250;200029;West Logistik KG;83829,00;Material
WE400155;23.03.2025;ER900251;200120;Atlas Formteile KG;74009,00;Material
WE400156;01.03.2025;ER900252;200026;Prisma Formteile e.K.;49103,00;Material
WE400157;14.03.2025;ER900253;200124;Iris Technik GmbH & Co. KG;2591,00;Material
WE400158;19.03.2025;ER900254;200077;Alpha Transport AG;16395,00;Material
WE400159;03.03.2025;ER900255;200017;Orion Handel GmbH & Co. KG;87604,00;Material
WE400160;12.03.2025;ER900256;200019;Süd Handel e.K.;68304,00;Material
WE400161;30.03.2025;ER900257;200116;Lupus Werkstoffe GmbH;87164,00;Material
WE400162;19.03.2025;ER900258;200119;Castor Formteile KG;71425,00;Material
WE400163;20.03.2025;ER900259;200066;Castor Transport KG;71315,00;Material
WE400164;30.03.2025;ER900260;200020;Reiher Etiketten KG;68706,00;Material
WE400165;21.03.2025;ER900261;200102;Orion Maschinen e.K.;85942,00;Material
WE400166;02.03.2025;ER900262;200116;Lupus Werkstoffe GmbH;56512,00;Material
WE400167;12.03.2025;ER900263;200073;Cives Handel GmbH & Co. KG;34059,00;Material
WE400168;01.03.2025;ER900264;200100;Pollux Verpackung e.K.;58684,00;Material
WE400169;03.03.2025;ER900265;200014;Reiher Recycling GmbH;20196,00;Material
WE400170;05.03.2025;ER900266;200076;Alpha Beschichtung e.K.;76483,00;Material
WE400171;30.03.2025;ER900267;200124;Iris Technik GmbH & Co. KG;18201,00;Material
WE400172;09.03.2025;ER900268;200119;Castor Formteile KG;85561,00;Material
WE400173;19.03.2025;ER900269;200092;Titan Verpackung KG;40309,00;Material
WE400174;08.03.2025;ER900270;200123;Kronos Folien KG;4054,00;Material
WE400175;13.03.2025;ER900271;200034;Cives Transport GmbH;25257,00;Material
WE400176;07.03.2025;ER900272;200125;Orion Beschichtung GmbH;80087,00;Material
WE400177;12.03.2025;ER900273;200023;Orion Werkstoffe SE;16041,00;Material
WE400178;08.03.2025;ER900274;200103;Omega Recycling GmbH;44437,00;Material
WE400179;31.03.2025;ER900275;200120;Atlas Formteile KG;58699,00;Material
WE400180;20.03.2025;ER900276;200085;Orion Logistik AG;72500,00;Material
WE400181;19.03.2025;ER900277;200056;Nova Technik GmbH;73696,00;Material
WE400182;26.03.2025;ER900278;200058;Alpha Werkstoffe GmbH;87099,00;Material
WE400183;10.03.2025;ER900279;200034;Cives Transport GmbH;11059,00;Material
WE400184;08.03.2025;ER900280;200111;Corvus Maschinen KG;41794,00;Material
WE400185;20.03.2025;ER900281;200124;Iris Technik GmbH & Co. KG;45068,00;Material
WE400186;04.03.2025;ER900282;200014;Reiher Recycling GmbH;50960,00;Material
WE400187;21.03.2025;ER900283;200102;Orion Maschinen e.K.;27920,00;Material
WE400188;20.03.2025;ER900284;200022;Solum Kunststoff GmbH;9941,00;Material
WE400189;22.03.2025;ER900285;200113;Pollux Systeme GmbH & Co. KG;84535,00;Material
WE400190;13.03.2025;ER900286;200030;Pactum Maschinen e.K.;36356,00;Material
WE400191;07.03.2025;ER900287;200116;Lupus Werkstoffe GmbH;51694,00;Material
WE400192;09.03.2025;ER900288;200077;Alpha Transport AG;46831,00;Material
WE400193;29.03.2025;ER900289;200118;Nova Chemie GmbH & Co. KG;7845,00;Material
WE400194;10.03.2025;ER900290;200073;Cives Handel GmbH & Co. KG;65154,00;Material
WE400195;30.03.2025;ER900291;200038;Titan Etiketten GmbH;49103,00;Material
WE400196;03.03.2025;ER900292;200018;Titan Kunststoff AG;65617,00;Material
WE400197;23.03.2025;ER900293;200015;Omega Transport GmbH;75046,00;Material
WE400198;17.03.2025;ER900294;200120;Atlas Formteile KG;80274,00;Material
WE400199;31.03.2025;ER900295;200095;Cives Beschichtung SE;65835,00;Material
WE400200;12.03.2025;ER900296;200100;Pollux Verpackung e.K.;23014,00;Material
WE400201;19.03.2025;ER900297;200053;Castor Industriebedarf SE;73131,00;Material
WE400202;19.03.2025;ER900298;200000;Delta Distribution SE;72309,00;Material
WE400203;14.03.2025;ER900299;200047;Terra Verpackung SE;19725,00;Material
WE400204;12.03.2025;ER900300;200042;Orion Technik GmbH;3537,00;Material
WE400205;26.03.2025;ER900301;200055;Ost Kunststoff AG;19533,00;Material
WE400206;29.03.2025;ER900302;200051;Corvus Transport SE;19137,00;Material
WE400207;23.03.2025;ER900303;200100;Pollux Verpackung e.K.;13072,00;Material
WE400208;04.03.2025;ER900304;200052;Solum Chemie GmbH;62088,00;Material
WE400209;06.03.2025;ER900305;200011;Boreas Druck GmbH & Co. KG;10549,00;Material
WE400210;10.04.2025;ER900354;200081;Orion Maschinen GmbH;39889,00;Material
WE400211;29.04.2025;ER900355;200100;Pollux Verpackung e.K.;66868,00;Material
WE400212;25.04.2025;ER900356;200102;Orion Maschinen e.K.;39602,00;Material
WE400213;15.04.2025;ER900357;200072;Cives Handel KG;86109,00;Material
WE400214;30.04.2025;ER900358;200075;Delta Logistik SE;69116,00;Material
WE400215;12.04.2025;ER900359;200021;Süd Chemie GmbH;36606,00;Material
WE400216;19.04.2025;ER900360;200079;Titan Papier AG;77595,00;Material
WE400217;23.04.2025;ER900361;200069;Ost Folien e.K.;18135,00;Material
WE400218;29.04.2025;ER900362;200097;Saturn Distribution e.K.;4128,00;Material
WE400219;22.04.2025;ER900363;200096;Terra Beschichtung GmbH;60579,00;Material
WE400220;04.04.2025;ER900364;200103;Omega Recycling GmbH;13633,00;Material
WE400221;17.04.2025;ER900365;200113;Pollux Systeme GmbH & Co. KG;2851,00;Material
WE400222;14.04.2025;ER900366;200030;Pactum Maschinen e.K.;65251,00;Material
WE400223;26.04.2025;ER900367;200081;Orion Maschinen GmbH;37437,00;Material
WE400224;09.04.2025;ER900368;200090;Pactum Chemie SE;70913,00;Material
WE400225;25.04.2025;ER900369;200031;Solum Industriebedarf e.K.;62540,00;Material
WE400226;10.04.2025;ER900370;200027;Titan Beschichtung SE;6898,00;Material
WE400227;08.04.2025;ER900371;200094;Solum Handel e.K.;55356,00;Material
WE400228;15.04.2025;ER900372;200086;Adler Papier GmbH;32488,00;Material
WE400229;19.04.2025;ER900373;200074;Delta Kunststoff GmbH;38098,00;Material
WE400230;17.04.2025;ER900374;200124;Iris Technik GmbH & Co. KG;34597,00;Material
WE400231;20.04.2025;ER900375;200105;Castor Recycling GmbH & Co. KG;3708,00;Material
WE400232;23.04.2025;ER900376;200070;Kronos Etiketten e.K.;32344,00;Material
WE400233;21.04.2025;ER900377;200103;Omega Recycling GmbH;78232,00;Material
WE400234;29.04.2025;ER900378;200126;Corvus Handel GmbH;59196,00;Material
WE400235;07.04.2025;ER900379;200099;Nova Systeme SE;48216,00;Material
WE400236;17.04.2025;ER900380;200041;Corvus Karton KG;86611,00;Material
WE400237;25.04.2025;ER900381;200046;Kronos Handel GmbH;3115,00;Material
WE400238;08.04.2025;ER900382;200058;Alpha Werkstoffe GmbH;41949,00;Material
WE400239;22.04.2025;ER900383;200007;Castor Papier GmbH;46854,00;Material
WE400240;14.04.2025;ER900384;200088;Saturn Recycling GmbH;40618,00;Material
WE400241;05.04.2025;ER900385;200040;Merkur Handel GmbH;17307,00;Material
WE400242;23.04.2025;ER900386;200017;Orion Handel GmbH & Co. KG;80478,00;Material
WE400243;20.04.2025;ER900387;200033;Aurora Formteile e.K.;21563,00;Material
WE400244;20.04.2025;ER900388;200036;Titan Recycling GmbH & Co. KG;85230,00;Material
WE400245;17.04.2025;ER900389;200109;Lupus Papier e.K.;32423,00;Material
WE400246;27.04.2025;ER900390;200093;Pactum Druck GmbH;5334,00;Material
WE400247;06.04.2025;ER900391;200119;Castor Formteile KG;73179,00;Material
WE400248;17.04.2025;ER900392;200098;Prisma Systeme GmbH & Co. KG;50464,00;Material
WE400249;08.04.2025;ER900393;200093;Pactum Druck GmbH;33738,00;Material
WE400250;02.04.2025;ER900394;200026;Prisma Formteile e.K.;60923,00;Material
WE400251;29.04.2025;ER900395;200014;Reiher Recycling GmbH;58563,00;Material
WE400252;11.04.2025;ER900396;200027;Titan Beschichtung SE;87310,00;Material
WE400253;12.04.2025;ER900397;200124;Iris Technik GmbH & Co. KG;63077,00;Material
WE400254;11.04.2025;ER900398;200058;Alpha Werkstoffe GmbH;16336,00;Material
WE400255;08.04.2025;ER900399;200000;Delta Distribution SE;16411,00;Material
WE400256;14.04.2025;ER900400;200051;Corvus Transport SE;35383,00;Material
WE400257;02.04.2025;ER900401;200095;Cives Beschichtung SE;41749,00;Material
WE400258;08.04.2025;ER900402;200028;Merkur Kunststoff GmbH;49069,00;Material
WE400259;04.04.2025;ER900403;200046;Kronos Handel GmbH;40567,00;Material
WE400260;23.04.2025;ER900404;200049;Aurora Technik GmbH;39493,00;Material
WE400261;28.04.2025;ER900405;200011;Boreas Druck GmbH & Co. KG;21341,00;Material
WE400262;23.04.2025;ER900406;200087;Pollux Werkstoffe GmbH;27445,00;Material
WE400263;02.04.2025;ER900407;200117;Titan Maschinen GmbH;6162,00;Material
WE400264;26.04.2025;ER900408;200092;Titan Verpackung KG;84819,00;Material
WE400265;30.04.2025;ER900409;200091;Nova Recycling AG;76861,00;Material
WE400266;08.04.2025;ER900410;200056;Nova Technik GmbH;49161,00;Material
WE400267;27.04.2025;ER900411;200016;Kranich Druck e.K.;47792,00;Material
WE400268;28.04.2025;ER900412;200056;Nova Technik GmbH;6625,00;Material
WE400269;01.04.2025;ER900413;200049;Aurora Technik GmbH;18303,00;Material
WE400270;20.04.2025;ER900414;200086;Adler Papier GmbH;76531,00;Material
WE400271;03.04.2025;ER900415;200004;Ratio Maschinen e.K.;11350,00;Material
WE400272;27.04.2025;ER900416;200023;Orion Werkstoffe SE;7732,00;Material
WE400273;07.04.2025;ER900417;200034;Cives Transport GmbH;80813,00;Material
WE400274;29.04.2025;ER900418;200116;Lupus Werkstoffe GmbH;12822,00;Material
WE400275;10.04.2025;ER900419;200117;Titan Maschinen GmbH;54891,00;Material
WE400276;02.04.2025;ER900420;200041;Corvus Karton KG;46438,00;Material
WE400277;07.04.2025;ER900421;200050;Titan Technik GmbH;70454,00;Material
WE400278;28.04.2025;ER900422;200003;Iris Industriebedarf KG;54074,00;Material
WE400279;22.04.2025;ER900423;200041;Corvus Karton KG;77719,00;Material
WE400280;06.05.2025;ER900472;200085;Orion Logistik AG;50523,00;Material
WE400281;20.05.2025;ER900473;200051;Corvus Transport SE;47034,00;Material
WE400282;07.05.2025;ER900474;200118;Nova Chemie GmbH & Co. KG;23557,00;Material
WE400283;27.05.2025;ER900475;200002;Vega Systeme e.K.;27670,00;Material
WE400284;19.05.2025;ER900476;200062;Pactum Industriebedarf GmbH & Co. KG;25850,00;Material
WE400285;23.05.2025;ER900477;200037;Kranich Chemie KG;29528,00;Material
WE400286;09.05.2025;ER900478;200110;Saturn Formteile GmbH;48298,00;Material
WE400287;30.05.2025;ER900479;200032;Iris Karton GmbH;48047,00;Material
WE400288;18.05.2025;ER900480;200101;Prisma Etiketten SE;19053,00;Material
WE400289;31.05.2025;ER900481;200043;Delta Etiketten GmbH;32084,00;Material
WE400290;04.05.2025;ER900482;200034;Cives Transport GmbH;76968,00;Material
WE400291;24.05.2025;ER900483;200018;Titan Kunststoff AG;34399,00;Material
WE400292;01.05.2025;ER900484;200126;Corvus Handel GmbH;26338,00;Material
WE400293;24.05.2025;ER900485;200091;Nova Recycling AG;28230,00;Material
WE400294;12.05.2025;ER900486;200005;Kronos Technik KG;77165,00;Material
WE400295;12.05.2025;ER900487;200075;Delta Logistik SE;14962,00;Material
WE400296;05.05.2025;ER900488;200070;Kronos Etiketten e.K.;67871,00;Material
WE400297;05.05.2025;ER900489;200019;Süd Handel e.K.;5052,00;Material
WE400298;26.05.2025;ER900490;200029;West Logistik KG;77590,00;Material
WE400299;13.05.2025;ER900491;200016;Kranich Druck e.K.;57111,00;Material
WE400300;11.05.2025;ER900492;200020;Reiher Etiketten KG;74187,00;Material
WE400301;23.05.2025;ER900493;200002;Vega Systeme e.K.;32849,00;Material
WE400302;06.05.2025;ER900494;200120;Atlas Formteile KG;18509,00;Material
WE400303;27.05.2025;ER900495;200001;Boreas Distribution KG;17191,00;Material
WE400304;04.05.2025;ER900496;200062;Pactum Industriebedarf GmbH & Co. KG;8805,00;Material
WE400305;29.05.2025;ER900497;200040;Merkur Handel GmbH;75347,00;Material
WE400306;08.05.2025;ER900498;200054;Saturn Folien GmbH;21724,00;Material
WE400307;08.05.2025;ER900499;200083;Castor Chemie GmbH & Co. KG;18863,00;Material
WE400308;21.05.2025;ER900500;200127;Ost Systeme e.K.;46078,00;Material
WE400309;19.05.2025;ER900501;200040;Merkur Handel GmbH;31921,00;Material
WE400310;08.05.2025;ER900502;200062;Pactum Industriebedarf GmbH & Co. KG;61474,00;Material
WE400311;13.05.2025;ER900503;200091;Nova Recycling AG;13611,00;Material
WE400312;13.05.2025;ER900504;200080;Pactum Transport e.K.;8548,00;Material
WE400313;08.05.2025;ER900505;200124;Iris Technik GmbH & Co. KG;59754,00;Material
WE400314;20.05.2025;ER900506;200070;Kronos Etiketten e.K.;52939,00;Material
WE400315;14.05.2025;ER900507;200071;Pactum Handel GmbH;60241,00;Material
WE400316;20.05.2025;ER900508;200054;Saturn Folien GmbH;50120,00;Material
WE400317;21.05.2025;ER900509;200046;Kronos Handel GmbH;22971,00;Material
WE400318;18.05.2025;ER900510;200114;Merkur Etiketten AG;3302,00;Material
WE400319;15.05.2025;ER900511;200074;Delta Kunststoff GmbH;56791,00;Material
WE400320;05.05.2025;ER900512;200070;Kronos Etiketten e.K.;2593,00;Material
WE400321;31.05.2025;ER900513;200104;Kronos Verpackung AG;55980,00;Material
WE400322;06.05.2025;ER900514;200120;Atlas Formteile KG;35311,00;Material
WE400323;05.05.2025;ER900515;200033;Aurora Formteile e.K.;16747,00;Material
WE400324;12.05.2025;ER900516;200085;Orion Logistik AG;13560,00;Material
WE400325;27.05.2025;ER900517;200002;Vega Systeme e.K.;17691,00;Material
WE400326;24.05.2025;ER900518;200095;Cives Beschichtung SE;47957,00;Material
WE400327;13.05.2025;ER900519;200127;Ost Systeme e.K.;35201,00;Material
WE400328;30.05.2025;ER900520;200028;Merkur Kunststoff GmbH;48481,00;Material
WE400329;20.05.2025;ER900521;200096;Terra Beschichtung GmbH;26483,00;Material
WE400330;23.05.2025;ER900522;200068;Corvus Systeme GmbH;22549,00;Material
WE400331;29.05.2025;ER900523;200038;Titan Etiketten GmbH;56677,00;Material
WE400332;08.05.2025;ER900524;200069;Ost Folien e.K.;46402,00;Material
WE400333;19.05.2025;ER900525;200119;Castor Formteile KG;47872,00;Material
WE400334;12.05.2025;ER900526;200004;Ratio Maschinen e.K.;35541,00;Material
WE400335;21.05.2025;ER900527;200077;Alpha Transport AG;68191,00;Material
WE400336;11.05.2025;ER900528;200028;Merkur Kunststoff GmbH;77397,00;Material
WE400337;26.05.2025;ER900529;200042;Orion Technik GmbH;23966,00;Material
WE400338;23.05.2025;ER900530;200110;Saturn Formteile GmbH;11756,00;Material
WE400339;07.05.2025;ER900531;200120;Atlas Formteile KG;15994,00;Material
WE400340;03.05.2025;ER900532;200090;Pactum Chemie SE;21734,00;Material
WE400341;06.05.2025;ER900533;200054;Saturn Folien GmbH;9898,00;Material
WE400342;21.05.2025;ER900534;200110;Saturn Formteile GmbH;43949,00;Material
WE400343;19.05.2025;ER900535;200014;Reiher Recycling GmbH;44541,00;Material
WE400344;11.05.2025;ER900536;200086;Adler Papier GmbH;42972,00;Material
WE400345;19.05.2025;ER900537;200042;Orion Technik GmbH;87151,00;Material
WE400346;25.05.2025;ER900538;200088;Saturn Recycling GmbH;74693,00;Material
WE400347;12.05.2025;ER900539;200116;Lupus Werkstoffe GmbH;23677,00;Material
WE400348;23.05.2025;ER900540;200091;Nova Recycling AG;67523,00;Material
WE400349;03.05.2025;ER900541;200114;Merkur Etiketten AG;59663,00;Material
WE400350;08.06.2025;ER900590;200058;Alpha Werkstoffe GmbH;17752,00;Material
WE400351;11.06.2025;ER900591;200023;Orion Werkstoffe SE;26428,00;Material
WE400352;22.06.2025;ER900592;200097;Saturn Distribution e.K.;13590,00;Material
WE400353;07.06.2025;ER900593;200034;Cives Transport GmbH;58678,00;Material
WE400354;29.06.2025;ER900594;200005;Kronos Technik KG;38704,00;Material
WE400355;12.06.2025;ER900595;200053;Castor Industriebedarf SE;44555,00;Material
WE400356;06.06.2025;ER900596;200040;Merkur Handel GmbH;77348,00;Material
WE400357;10.06.2025;ER900597;200064;Titan Papier GmbH;66408,00;Material
WE400358;22.06.2025;ER900598;200074;Delta Kunststoff GmbH;78723,00;Material
WE400359;05.06.2025;ER900599;200075;Delta Logistik SE;22622,00;Material
WE400360;12.06.2025;ER900600;200110;Saturn Formteile GmbH;73790,00;Material
WE400361;05.06.2025;ER900601;200042;Orion Technik GmbH;57513,00;Material
WE400362;19.06.2025;ER900602;200100;Pollux Verpackung e.K.;21292,00;Material
WE400363;18.06.2025;ER900603;200020;Reiher Etiketten KG;51911,00;Material
WE400364;29.06.2025;ER900604;200094;Solum Handel e.K.;28771,00;Material
WE400365;28.06.2025;ER900605;200010;West Handel GmbH;68479,00;Material
WE400366;25.06.2025;ER900606;200108;Castor Distribution GmbH;12634,00;Material
WE400367;27.06.2025;ER900607;200026;Prisma Formteile e.K.;25449,00;Material
WE400368;03.06.2025;ER900608;200124;Iris Technik GmbH & Co. KG;34892,00;Material
WE400369;17.06.2025;ER900609;200086;Adler Papier GmbH;49374,00;Material
WE400370;28.06.2025;ER900610;200033;Aurora Formteile e.K.;36687,00;Material
WE400371;11.06.2025;ER900611;200101;Prisma Etiketten SE;49638,00;Material
WE400372;14.06.2025;ER900612;200121;Vega Kunststoff AG;40265,00;Material
WE400373;04.06.2025;ER900613;200104;Kronos Verpackung AG;27294,00;Material
WE400374;07.06.2025;ER900614;200015;Omega Transport GmbH;3807,00;Material
WE400375;11.06.2025;ER900615;200099;Nova Systeme SE;23634,00;Material
WE400376;09.06.2025;ER900616;200098;Prisma Systeme GmbH & Co. KG;41019,00;Material
WE400377;18.06.2025;ER900617;200085;Orion Logistik AG;11336,00;Material
WE400378;25.06.2025;ER900618;200063;Titan Verpackung GmbH;66014,00;Material
WE400379;04.06.2025;ER900619;200045;Ost Industriebedarf GmbH;43389,00;Material
WE400380;14.06.2025;ER900620;200019;Süd Handel e.K.;68540,00;Material
WE400381;15.06.2025;ER900621;200073;Cives Handel GmbH & Co. KG;65119,00;Material
WE400382;10.06.2025;ER900622;200114;Merkur Etiketten AG;7798,00;Material
WE400383;20.06.2025;ER900623;200041;Corvus Karton KG;52495,00;Material
WE400384;06.06.2025;ER900624;200071;Pactum Handel GmbH;2100,00;Material
WE400385;29.06.2025;ER900625;200009;Titan Transport SE;39055,00;Material
WE400386;09.06.2025;ER900626;200125;Orion Beschichtung GmbH;28479,00;Material
WE400387;19.06.2025;ER900627;200027;Titan Beschichtung SE;20312,00;Material
WE400388;03.06.2025;ER900628;200129;Omega Papier AG;30224,00;Material
WE400389;19.06.2025;ER900629;200048;Vega Chemie GmbH;72415,00;Material
WE400390;14.06.2025;ER900630;200005;Kronos Technik KG;73839,00;Material
WE400391;30.06.2025;ER900631;200022;Solum Kunststoff GmbH;15413,00;Material
WE400392;04.06.2025;ER900632;200028;Merkur Kunststoff GmbH;46288,00;Material
WE400393;16.06.2025;ER900633;200097;Saturn Distribution e.K.;73150,00;Material
WE400394;30.06.2025;ER900634;200068;Corvus Systeme GmbH;60686,00;Material
WE400395;18.06.2025;ER900635;200126;Corvus Handel GmbH;68222,00;Material
WE400396;02.06.2025;ER900636;200041;Corvus Karton KG;22328,00;Material
WE400397;25.06.2025;ER900637;200115;Castor Maschinen SE;11100,00;Material
WE400398;26.06.2025;ER900638;200037;Kranich Chemie KG;45893,00;Material
WE400399;04.06.2025;ER900639;200121;Vega Kunststoff AG;86110,00;Material
WE400400;18.06.2025;ER900640;200071;Pactum Handel GmbH;9896,00;Material
WE400401;13.06.2025;ER900641;200081;Orion Maschinen GmbH;48633,00;Material
WE400402;18.06.2025;ER900642;200003;Iris Industriebedarf KG;34010,00;Material
WE400403;28.06.2025;ER900643;200118;Nova Chemie GmbH & Co. KG;18732,00;Material
WE400404;21.06.2025;ER900644;200111;Corvus Maschinen KG;53612,00;Material
WE400405;06.06.2025;ER900645;200012;Orion Distribution SE;52136,00;Material
WE400406;21.06.2025;ER900646;200068;Corvus Systeme GmbH;72670,00;Material
WE400407;29.06.2025;ER900647;200086;Adler Papier GmbH;78988,00;Material
WE400408;12.06.2025;ER900648;200044;Delta Etiketten GmbH & Co. KG;51923,00;Material
WE400409;26.06.2025;ER900649;200038;Titan Etiketten GmbH;16520,00;Material
WE400410;01.06.2025;ER900650;200030;Pactum Maschinen e.K.;51189,00;Material
WE400411;25.06.2025;ER900651;200104;Kronos Verpackung AG;43116,00;Material
WE400412;08.06.2025;ER900652;200028;Merkur Kunststoff GmbH;47872,00;Material
WE400413;05.06.2025;ER900653;200017;Orion Handel GmbH & Co. KG;75704,00;Material
WE400414;23.06.2025;ER900654;200097;Saturn Distribution e.K.;57807,00;Material
WE400415;23.06.2025;ER900655;200034;Cives Transport GmbH;54448,00;Material
WE400416;06.06.2025;ER900656;200112;Cives Maschinen GmbH & Co. KG;18171,00;Material
WE400417;10.06.2025;ER900657;200071;Pactum Handel GmbH;66391,00;Material
WE400418;29.06.2025;ER900658;200008;Vega Recycling GmbH;63493,00;Material
WE400419;03.06.2025;ER900659;200069;Ost Folien e.K.;39908,00;Material
WE400420;10.07.2025;ER900708;200118;Nova Chemie GmbH & Co. KG;27052,00;Material
WE400421;05.07.2025;ER900709;200090;Pactum Chemie SE;3979,00;Material
WE400422;28.07.2025;ER900710;200024;Atlas Distribution GmbH;53247,00;Material
WE400423;03.07.2025;ER900711;200069;Ost Folien e.K.;72490,00;Material
WE400424;04.07.2025;ER900712;200036;Titan Recycling GmbH & Co. KG;8150,00;Material
WE400425;09.07.2025;ER900713;200060;Merkur Chemie KG;24562,00;Material
WE400426;14.07.2025;ER900714;200129;Omega Papier AG;87076,00;Material
WE400427;11.07.2025;ER900715;200031;Solum Industriebedarf e.K.;70346,00;Material
WE400428;06.07.2025;ER900716;200129;Omega Papier AG;58554,00;Material
WE400429;09.07.2025;ER900717;200005;Kronos Technik KG;34241,00;Material
WE400430;16.07.2025;ER900718;200054;Saturn Folien GmbH;10813,00;Material
WE400431;23.07.2025;ER900719;200041;Corvus Karton KG;86179,00;Material
WE400432;24.07.2025;ER900720;200033;Aurora Formteile e.K.;22409,00;Material
WE400433;15.07.2025;ER900721;200004;Ratio Maschinen e.K.;54862,00;Material
WE400434;18.07.2025;ER900722;200076;Alpha Beschichtung e.K.;22316,00;Material
WE400435;03.07.2025;ER900723;200075;Delta Logistik SE;86347,00;Material
WE400436;02.07.2025;ER900724;200076;Alpha Beschichtung e.K.;76478,00;Material
WE400437;11.07.2025;ER900725;200117;Titan Maschinen GmbH;60482,00;Material
WE400438;15.07.2025;ER900726;200005;Kronos Technik KG;65181,00;Material
WE400439;05.07.2025;ER900727;200022;Solum Kunststoff GmbH;31257,00;Material
WE400440;20.07.2025;ER900728;200018;Titan Kunststoff AG;6552,00;Material
WE400441;25.07.2025;ER900729;200010;West Handel GmbH;75175,00;Material
WE400442;22.07.2025;ER900730;200087;Pollux Werkstoffe GmbH;76055,00;Material
WE400443;29.07.2025;ER900731;200037;Kranich Chemie KG;24106,00;Material
WE400444;24.07.2025;ER900732;200050;Titan Technik GmbH;70598,00;Material
WE400445;02.07.2025;ER900733;200007;Castor Papier GmbH;21062,00;Material
WE400446;03.07.2025;ER900734;200128;Helios Karton KG;78434,00;Material
WE400447;09.07.2025;ER900735;200059;Lupus Handel SE;14982,00;Material
WE400448;17.07.2025;ER900736;200044;Delta Etiketten GmbH & Co. KG;60455,00;Material
WE400449;06.07.2025;ER900737;200105;Castor Recycling GmbH & Co. KG;56152,00;Material
WE400450;17.07.2025;ER900738;200081;Orion Maschinen GmbH;69080,00;Material
WE400451;30.07.2025;ER900739;200042;Orion Technik GmbH;82176,00;Material
WE400452;27.07.2025;ER900740;200015;Omega Transport GmbH;86827,00;Material
WE400453;20.07.2025;ER900741;200007;Castor Papier GmbH;6220,00;Material
WE400454;09.07.2025;ER900742;200038;Titan Etiketten GmbH;50407,00;Material
WE400455;27.07.2025;ER900743;200013;West Papier AG;65546,00;Material
WE400456;21.07.2025;ER900744;200127;Ost Systeme e.K.;35220,00;Material
WE400457;15.07.2025;ER900745;200079;Titan Papier AG;8987,00;Material
WE400458;31.07.2025;ER900746;200115;Castor Maschinen SE;50977,00;Material
WE400459;20.07.2025;ER900747;200106;Vega Werkstoffe AG;60600,00;Material
WE400460;11.07.2025;ER900748;200000;Delta Distribution SE;4730,00;Material
WE400461;03.07.2025;ER900749;200091;Nova Recycling AG;76958,00;Material
WE400462;12.07.2025;ER900750;200086;Adler Papier GmbH;2457,00;Material
WE400463;10.07.2025;ER900751;200038;Titan Etiketten GmbH;84340,00;Material
WE400464;25.07.2025;ER900752;200036;Titan Recycling GmbH & Co. KG;25733,00;Material
WE400465;08.07.2025;ER900753;200105;Castor Recycling GmbH & Co. KG;4163,00;Material
WE400466;23.07.2025;ER900754;200120;Atlas Formteile KG;11224,00;Material
WE400467;23.07.2025;ER900755;200104;Kronos Verpackung AG;42774,00;Material
WE400468;01.07.2025;ER900756;200101;Prisma Etiketten SE;58591,00;Material
WE400469;13.07.2025;ER900757;200034;Cives Transport GmbH;50269,00;Material
WE400470;19.07.2025;ER900758;200110;Saturn Formteile GmbH;23994,00;Material
WE400471;12.07.2025;ER900759;200126;Corvus Handel GmbH;57896,00;Material
WE400472;29.07.2025;ER900760;200021;Süd Chemie GmbH;24081,00;Material
WE400473;08.07.2025;ER900761;200052;Solum Chemie GmbH;45271,00;Material
WE400474;18.07.2025;ER900762;200042;Orion Technik GmbH;63149,00;Material
WE400475;06.07.2025;ER900763;200077;Alpha Transport AG;69511,00;Material
WE400476;30.07.2025;ER900764;200108;Castor Distribution GmbH;47432,00;Material
WE400477;17.07.2025;ER900765;200126;Corvus Handel GmbH;9952,00;Material
WE400478;07.07.2025;ER900766;200010;West Handel GmbH;41964,00;Material
WE400479;29.07.2025;ER900767;200091;Nova Recycling AG;69641,00;Material
WE400480;17.07.2025;ER900768;200073;Cives Handel GmbH & Co. KG;3805,00;Material
WE400481;05.07.2025;ER900769;200033;Aurora Formteile e.K.;84091,00;Material
WE400482;16.07.2025;ER900770;200005;Kronos Technik KG;2472,00;Material
WE400483;08.07.2025;ER900771;200076;Alpha Beschichtung e.K.;65393,00;Material
WE400484;25.07.2025;ER900772;200047;Terra Verpackung SE;47970,00;Material
WE400485;23.07.2025;ER900773;200104;Kronos Verpackung AG;55810,00;Material
WE400486;08.07.2025;ER900774;200007;Castor Papier GmbH;71078,00;Material
WE400487;27.07.2025;ER900775;200080;Pactum Transport e.K.;5823,00;Material
WE400488;25.07.2025;ER900776;200059;Lupus Handel SE;78662,00;Material
WE400489;13.07.2025;ER900777;200059;Lupus Handel SE;48473,00;Material
WE400490;23.08.2025;ER900826;200100;Pollux Verpackung e.K.;39711,00;Material
WE400491;09.08.2025;ER900827;200090;Pactum Chemie SE;57572,00;Material
WE400492;15.08.2025;ER900828;200026;Prisma Formteile e.K.;56384,00;Material
WE400493;30.08.2025;ER900829;200043;Delta Etiketten GmbH;57423,00;Material
WE400494;06.08.2025;ER900830;200061;Iris Etiketten SE;85841,00;Material
WE400495;11.08.2025;ER900831;200026;Prisma Formteile e.K.;72687,00;Material
WE400496;11.08.2025;ER900832;200103;Omega Recycling GmbH;18470,00;Material
WE400497;12.08.2025;ER900833;200125;Orion Beschichtung GmbH;15128,00;Material
WE400498;03.08.2025;ER900834;200063;Titan Verpackung GmbH;17658,00;Material
WE400499;10.08.2025;ER900835;200074;Delta Kunststoff GmbH;81181,00;Material
WE400500;14.08.2025;ER900836;200051;Corvus Transport SE;8440,00;Material
WE400501;11.08.2025;ER900837;200072;Cives Handel KG;76690,00;Material
WE400502;08.08.2025;ER900838;200024;Atlas Distribution GmbH;69194,00;Material
WE400503;20.08.2025;ER900839;200041;Corvus Karton KG;64017,00;Material
WE400504;06.08.2025;ER900840;200090;Pactum Chemie SE;47188,00;Material
WE400505;15.08.2025;ER900841;200014;Reiher Recycling GmbH;19346,00;Material
WE400506;15.08.2025;ER900842;200074;Delta Kunststoff GmbH;38025,00;Material
WE400507;04.08.2025;ER900843;200003;Iris Industriebedarf KG;75524,00;Material
WE400508;15.08.2025;ER900844;200046;Kronos Handel GmbH;42218,00;Material
WE400509;06.08.2025;ER900845;200069;Ost Folien e.K.;2170,00;Material
WE400510;04.08.2025;ER900846;200053;Castor Industriebedarf SE;15538,00;Material
WE400511;24.08.2025;ER900847;200047;Terra Verpackung SE;40457,00;Material
WE400512;31.08.2025;ER900848;200121;Vega Kunststoff AG;32544,00;Material
WE400513;31.08.2025;ER900849;200064;Titan Papier GmbH;15218,00;Material
WE400514;29.08.2025;ER900850;200062;Pactum Industriebedarf GmbH & Co. KG;5647,00;Material
WE400515;11.08.2025;ER900851;200105;Castor Recycling GmbH & Co. KG;44306,00;Material
WE400516;13.08.2025;ER900852;200116;Lupus Werkstoffe GmbH;64521,00;Material
WE400517;20.08.2025;ER900853;200031;Solum Industriebedarf e.K.;77682,00;Material
WE400518;05.08.2025;ER900854;200030;Pactum Maschinen e.K.;35352,00;Material
WE400519;05.08.2025;ER900855;200102;Orion Maschinen e.K.;5422,00;Material
WE400520;17.08.2025;ER900856;200067;Ost Recycling GmbH;6762,00;Material
WE400521;12.08.2025;ER900857;200003;Iris Industriebedarf KG;47599,00;Material
WE400522;16.08.2025;ER900858;200121;Vega Kunststoff AG;47354,00;Material
WE400523;22.08.2025;ER900859;200066;Castor Transport KG;13308,00;Material
WE400524;18.08.2025;ER900860;200066;Castor Transport KG;53831,00;Material
WE400525;12.08.2025;ER900861;200041;Corvus Karton KG;71310,00;Material
WE400526;02.08.2025;ER900862;200121;Vega Kunststoff AG;11619,00;Material
WE400527;09.08.2025;ER900863;200103;Omega Recycling GmbH;7815,00;Material
WE400528;13.08.2025;ER900864;200023;Orion Werkstoffe SE;43397,00;Material
WE400529;06.08.2025;ER900865;200004;Ratio Maschinen e.K.;16584,00;Material
WE400530;04.08.2025;ER900866;200074;Delta Kunststoff GmbH;86280,00;Material
WE400531;13.08.2025;ER900867;200036;Titan Recycling GmbH & Co. KG;54000,00;Material
WE400532;18.08.2025;ER900868;200015;Omega Transport GmbH;32231,00;Material
WE400533;14.08.2025;ER900869;200108;Castor Distribution GmbH;87095,00;Material
WE400534;01.08.2025;ER900870;200051;Corvus Transport SE;80465,00;Material
WE400535;09.08.2025;ER900871;200101;Prisma Etiketten SE;2591,00;Material
WE400536;27.08.2025;ER900872;200105;Castor Recycling GmbH & Co. KG;43740,00;Material
WE400537;02.08.2025;ER900873;200008;Vega Recycling GmbH;10981,00;Material
WE400538;29.08.2025;ER900874;200067;Ost Recycling GmbH;61610,00;Material
WE400539;31.08.2025;ER900875;200033;Aurora Formteile e.K.;24266,00;Material
WE400540;24.08.2025;ER900876;200031;Solum Industriebedarf e.K.;9625,00;Material
WE400541;17.08.2025;ER900877;200011;Boreas Druck GmbH & Co. KG;77019,00;Material
WE400542;03.08.2025;ER900878;200056;Nova Technik GmbH;18399,00;Material
WE400543;06.08.2025;ER900879;200122;Fokus Beschichtung GmbH;45627,00;Material
WE400544;22.08.2025;ER900880;200003;Iris Industriebedarf KG;71473,00;Material
WE400545;01.08.2025;ER900881;200029;West Logistik KG;15083,00;Material
WE400546;27.08.2025;ER900882;200069;Ost Folien e.K.;79544,00;Material
WE400547;22.08.2025;ER900883;200095;Cives Beschichtung SE;53507,00;Material
WE400548;18.08.2025;ER900884;200104;Kronos Verpackung AG;60946,00;Material
WE400549;06.08.2025;ER900885;200050;Titan Technik GmbH;2477,00;Material
WE400550;17.08.2025;ER900886;200028;Merkur Kunststoff GmbH;67612,00;Material
WE400551;24.08.2025;ER900887;200009;Titan Transport SE;35538,00;Material
WE400552;27.08.2025;ER900888;200007;Castor Papier GmbH;2341,00;Material
WE400553;10.08.2025;ER900889;200089;Nova Transport GmbH & Co. KG;62721,00;Material
WE400554;31.08.2025;ER900890;200012;Orion Distribution SE;18466,00;Material
WE400555;16.08.2025;ER900891;200050;Titan Technik GmbH;75873,00;Material
WE400556;09.08.2025;ER900892;200070;Kronos Etiketten e.K.;18334,00;Material
WE400557;09.08.2025;ER900893;200122;Fokus Beschichtung GmbH;50056,00;Material
WE400558;17.08.2025;ER900894;200052;Solum Chemie GmbH;56890,00;Material
WE400559;28.08.2025;ER900895;200117;Titan Maschinen GmbH;28129,00;Material
WE400560;17.09.2025;ER900944;200047;Terra Verpackung SE;44379,00;Material
WE400561;09.09.2025;ER900945;200106;Vega Werkstoffe AG;64214,00;Material
WE400562;24.09.2025;ER900946;200055;Ost Kunststoff AG;78607,00;Material
WE400563;20.09.2025;ER900947;200086;Adler Papier GmbH;45212,00;Material
WE400564;16.09.2025;ER900948;200043;Delta Etiketten GmbH;4209,00;Material
WE400565;17.09.2025;ER900949;200072;Cives Handel KG;62236,00;Material
WE400566;06.09.2025;ER900950;200114;Merkur Etiketten AG;49688,00;Material
WE400567;30.09.2025;ER900951;200095;Cives Beschichtung SE;78709,00;Material
WE400568;22.09.2025;ER900952;200017;Orion Handel GmbH & Co. KG;21909,00;Material
WE400569;16.09.2025;ER900953;200079;Titan Papier AG;16993,00;Material
WE400570;17.09.2025;ER900954;200080;Pactum Transport e.K.;63424,00;Material
WE400571;22.09.2025;ER900955;200008;Vega Recycling GmbH;81823,00;Material
WE400572;17.09.2025;ER900956;200109;Lupus Papier e.K.;56701,00;Material
WE400573;11.09.2025;ER900957;200054;Saturn Folien GmbH;8412,00;Material
WE400574;04.09.2025;ER900958;200077;Alpha Transport AG;51667,00;Material
WE400575;06.09.2025;ER900959;200048;Vega Chemie GmbH;45944,00;Material
WE400576;25.09.2025;ER900960;200096;Terra Beschichtung GmbH;11786,00;Material
WE400577;08.09.2025;ER900961;200044;Delta Etiketten GmbH & Co. KG;73714,00;Material
WE400578;02.09.2025;ER900962;200009;Titan Transport SE;82385,00;Material
WE400579;07.09.2025;ER900963;200065;Reiher Kunststoff GmbH;22611,00;Material
WE400580;19.09.2025;ER900964;200066;Castor Transport KG;20856,00;Material
WE400581;13.09.2025;ER900965;200106;Vega Werkstoffe AG;19793,00;Material
WE400582;23.09.2025;ER900966;200010;West Handel GmbH;9839,00;Material
WE400583;05.09.2025;ER900967;200008;Vega Recycling GmbH;73504,00;Material
WE400584;27.09.2025;ER900968;200129;Omega Papier AG;55159,00;Material
WE400585;20.09.2025;ER900969;200098;Prisma Systeme GmbH & Co. KG;5685,00;Material
WE400586;02.09.2025;ER900970;200075;Delta Logistik SE;15642,00;Material
WE400587;06.09.2025;ER900971;200124;Iris Technik GmbH & Co. KG;46675,00;Material
WE400588;02.09.2025;ER900972;200112;Cives Maschinen GmbH & Co. KG;43439,00;Material
WE400589;16.09.2025;ER900973;200007;Castor Papier GmbH;43330,00;Material
WE400590;16.09.2025;ER900974;200112;Cives Maschinen GmbH & Co. KG;4851,00;Material
WE400591;22.09.2025;ER900975;200006;Cives Maschinen GmbH;51305,00;Material
WE400592;28.09.2025;ER900976;200021;Süd Chemie GmbH;60696,00;Material
WE400593;16.09.2025;ER900977;200036;Titan Recycling GmbH & Co. KG;42429,00;Material
WE400594;27.09.2025;ER900978;200025;Ratio Beschichtung KG;10533,00;Material
WE400595;04.09.2025;ER900979;200075;Delta Logistik SE;56386,00;Material
WE400596;19.09.2025;ER900980;200010;West Handel GmbH;63125,00;Material
WE400597;16.09.2025;ER900981;200007;Castor Papier GmbH;38964,00;Material
WE400598;29.09.2025;ER900982;200107;Cives Etiketten SE;30194,00;Material
WE400599;27.09.2025;ER900983;200089;Nova Transport GmbH & Co. KG;7801,00;Material
WE400600;06.09.2025;ER900984;200007;Castor Papier GmbH;40479,00;Material
WE400601;24.09.2025;ER900985;200081;Orion Maschinen GmbH;6284,00;Material
WE400602;17.09.2025;ER900986;200070;Kronos Etiketten e.K.;21899,00;Material
WE400603;20.09.2025;ER900987;200102;Orion Maschinen e.K.;39175,00;Material
WE400604;29.09.2025;ER900988;200007;Castor Papier GmbH;10495,00;Material
WE400605;21.09.2025;ER900989;200108;Castor Distribution GmbH;35735,00;Material
WE400606;14.09.2025;ER900990;200003;Iris Industriebedarf KG;9571,00;Material
WE400607;27.09.2025;ER900991;200055;Ost Kunststoff AG;23729,00;Material
WE400608;30.09.2025;ER900992;200029;West Logistik KG;13993,00;Material
WE400609;02.09.2025;ER900993;200038;Titan Etiketten GmbH;39021,00;Material
WE400610;12.09.2025;ER900994;200056;Nova Technik GmbH;76281,00;Material
WE400611;29.09.2025;ER900995;200129;Omega Papier AG;71862,00;Material
WE400612;27.09.2025;ER900996;200075;Delta Logistik SE;83909,00;Material
WE400613;11.09.2025;ER900997;200077;Alpha Transport AG;77583,00;Material
WE400614;10.09.2025;ER900998;200073;Cives Handel GmbH & Co. KG;29575,00;Material
WE400615;25.09.2025;ER900999;200020;Reiher Etiketten KG;23172,00;Material
WE400616;20.09.2025;ER901000;200036;Titan Recycling GmbH & Co. KG;86071,00;Material
WE400617;09.09.2025;ER901001;200088;Saturn Recycling GmbH;39077,00;Material
WE400618;17.09.2025;ER901002;200126;Corvus Handel GmbH;67821,00;Material
WE400619;29.09.2025;ER901003;200087;Pollux Werkstoffe GmbH;7638,00;Material
WE400620;10.09.2025;ER901004;200046;Kronos Handel GmbH;4334,00;Material
WE400621;12.09.2025;ER901005;200094;Solum Handel e.K.;77794,00;Material
WE400622;02.09.2025;ER901006;200069;Ost Folien e.K.;10977,00;Material
WE400623;19.09.2025;ER901007;200018;Titan Kunststoff AG;17252,00;Material
WE400624;02.09.2025;ER901008;200109;Lupus Papier e.K.;19001,00;Material
WE400625;12.09.2025;ER901009;200038;Titan Etiketten GmbH;41687,00;Material
WE400626;18.09.2025;ER901010;200080;Pactum Transport e.K.;9830,00;Material
WE400627;24.09.2025;ER901011;200066;Castor Transport KG;2280,00;Material
WE400628;19.09.2025;ER901012;200129;Omega Papier AG;86277,00;Material
WE400629;12.09.2025;ER901013;200046;Kronos Handel GmbH;77802,00;Material
WE400630;11.10.2025;ER901062;200081;Orion Maschinen GmbH;18646,00;Material
WE400631;28.10.2025;ER901063;200029;West Logistik KG;35723,00;Material
WE400632;16.10.2025;ER901064;200069;Ost Folien e.K.;7300,00;Material
WE400633;12.10.2025;ER901065;200043;Delta Etiketten GmbH;13039,00;Material
WE400634;23.10.2025;ER901066;200072;Cives Handel KG;10289,00;Material
WE400635;19.10.2025;ER901067;200080;Pactum Transport e.K.;23008,00;Material
WE400636;09.10.2025;ER901068;200102;Orion Maschinen e.K.;9812,00;Material
WE400637;05.10.2025;ER901069;200099;Nova Systeme SE;53886,00;Material
WE400638;21.10.2025;ER901070;200126;Corvus Handel GmbH;66755,00;Material
WE400639;01.10.2025;ER901071;200070;Kronos Etiketten e.K.;84252,00;Material
WE400640;09.10.2025;ER901072;200098;Prisma Systeme GmbH & Co. KG;42814,00;Material
WE400641;26.10.2025;ER901073;200119;Castor Formteile KG;81726,00;Material
WE400642;08.10.2025;ER901074;200028;Merkur Kunststoff GmbH;25937,00;Material
WE400643;16.10.2025;ER901075;200120;Atlas Formteile KG;16796,00;Material
WE400644;09.10.2025;ER901076;200060;Merkur Chemie KG;26533,00;Material
WE400645;27.10.2025;ER901077;200036;Titan Recycling GmbH & Co. KG;39046,00;Material
WE400646;26.10.2025;ER901078;200041;Corvus Karton KG;8948,00;Material
WE400647;23.10.2025;ER901079;200096;Terra Beschichtung GmbH;78311,00;Material
WE400648;24.10.2025;ER901080;200122;Fokus Beschichtung GmbH;45046,00;Material
WE400649;16.10.2025;ER901081;200004;Ratio Maschinen e.K.;16284,00;Material
WE400650;11.10.2025;ER901082;200036;Titan Recycling GmbH & Co. KG;66148,00;Material
WE400651;30.10.2025;ER901083;200046;Kronos Handel GmbH;46935,00;Material
WE400652;02.10.2025;ER901084;200071;Pactum Handel GmbH;74449,00;Material
WE400653;30.10.2025;ER901085;200060;Merkur Chemie KG;26382,00;Material
WE400654;30.10.2025;ER901086;200083;Castor Chemie GmbH & Co. KG;87450,00;Material
WE400655;08.10.2025;ER901087;200089;Nova Transport GmbH & Co. KG;68541,00;Material
WE400656;11.10.2025;ER901088;200035;Fokus Handel GmbH;51161,00;Material
WE400657;19.10.2025;ER901089;200084;Ratio Druck SE;66880,00;Material
WE400658;17.10.2025;ER901090;200038;Titan Etiketten GmbH;19903,00;Material
WE400659;05.10.2025;ER901091;200093;Pactum Druck GmbH;20168,00;Material
WE400660;04.10.2025;ER901092;200004;Ratio Maschinen e.K.;26559,00;Material
WE400661;02.10.2025;ER901093;200071;Pactum Handel GmbH;81522,00;Material
WE400662;10.10.2025;ER901094;200122;Fokus Beschichtung GmbH;41756,00;Material
WE400663;19.10.2025;ER901095;200005;Kronos Technik KG;52768,00;Material
WE400664;01.10.2025;ER901096;200024;Atlas Distribution GmbH;73484,00;Material
WE400665;24.10.2025;ER901097;200096;Terra Beschichtung GmbH;22329,00;Material
WE400666;16.10.2025;ER901098;200008;Vega Recycling GmbH;31419,00;Material
WE400667;18.10.2025;ER901099;200114;Merkur Etiketten AG;69277,00;Material
WE400668;24.10.2025;ER901100;200048;Vega Chemie GmbH;5356,00;Material
WE400669;29.10.2025;ER901101;200108;Castor Distribution GmbH;45308,00;Material
WE400670;12.10.2025;ER901102;200045;Ost Industriebedarf GmbH;71988,00;Material
WE400671;16.10.2025;ER901103;200015;Omega Transport GmbH;30865,00;Material
WE400672;09.10.2025;ER901104;200088;Saturn Recycling GmbH;51136,00;Material
WE400673;09.10.2025;ER901105;200106;Vega Werkstoffe AG;18599,00;Material
WE400674;25.10.2025;ER901106;200017;Orion Handel GmbH & Co. KG;43591,00;Material
WE400675;23.10.2025;ER901107;200041;Corvus Karton KG;81649,00;Material
WE400676;31.10.2025;ER901108;200115;Castor Maschinen SE;83595,00;Material
WE400677;22.10.2025;ER901109;200097;Saturn Distribution e.K.;80092,00;Material
WE400678;25.10.2025;ER901110;200103;Omega Recycling GmbH;81965,00;Material
WE400679;01.10.2025;ER901111;200098;Prisma Systeme GmbH & Co. KG;46186,00;Material
WE400680;11.10.2025;ER901112;200107;Cives Etiketten SE;76931,00;Material
WE400681;26.10.2025;ER901113;200100;Pollux Verpackung e.K.;16621,00;Material
WE400682;31.10.2025;ER901114;200045;Ost Industriebedarf GmbH;45624,00;Material
WE400683;07.10.2025;ER901115;200084;Ratio Druck SE;72391,00;Material
WE400684;11.10.2025;ER901116;200042;Orion Technik GmbH;39389,00;Material
WE400685;08.10.2025;ER901117;200111;Corvus Maschinen KG;75826,00;Material
WE400686;25.10.2025;ER901118;200087;Pollux Werkstoffe GmbH;82957,00;Material
WE400687;02.10.2025;ER901119;200005;Kronos Technik KG;48579,00;Material
WE400688;11.10.2025;ER901120;200026;Prisma Formteile e.K.;75493,00;Material
WE400689;21.10.2025;ER901121;200059;Lupus Handel SE;51926,00;Material
WE400690;04.10.2025;ER901122;200047;Terra Verpackung SE;76910,00;Material
WE400691;07.10.2025;ER901123;200105;Castor Recycling GmbH & Co. KG;75355,00;Material
WE400692;19.10.2025;ER901124;200028;Merkur Kunststoff GmbH;33819,00;Material
WE400693;05.10.2025;ER901125;200105;Castor Recycling GmbH & Co. KG;6928,00;Material
WE400694;16.10.2025;ER901126;200077;Alpha Transport AG;33837,00;Material
WE400695;07.10.2025;ER901127;200029;West Logistik KG;41999,00;Material
WE400696;18.10.2025;ER901128;200061;Iris Etiketten SE;42922,00;Material
WE400697;18.10.2025;ER901129;200053;Castor Industriebedarf SE;3728,00;Material
WE400698;23.10.2025;ER901130;200075;Delta Logistik SE;66607,00;Material
WE400699;09.10.2025;ER901131;200112;Cives Maschinen GmbH & Co. KG;58504,00;Material
WE400700;13.11.2025;ER901180;200117;Titan Maschinen GmbH;64904,00;Material
WE400701;29.11.2025;ER901181;200038;Titan Etiketten GmbH;50353,00;Material
WE400702;03.11.2025;ER901182;200080;Pactum Transport e.K.;8779,00;Material
WE400703;09.11.2025;ER901183;200101;Prisma Etiketten SE;16878,00;Material
WE400704;18.11.2025;ER901184;200026;Prisma Formteile e.K.;51808,00;Material
WE400705;18.11.2025;ER901185;200069;Ost Folien e.K.;85826,00;Material
WE400706;27.11.2025;ER901186;200043;Delta Etiketten GmbH;32208,00;Material
WE400707;17.11.2025;ER901187;200064;Titan Papier GmbH;4402,00;Material
WE400708;22.11.2025;ER901188;200049;Aurora Technik GmbH;57312,00;Material
WE400709;04.11.2025;ER901189;200058;Alpha Werkstoffe GmbH;60678,00;Material
WE400710;12.11.2025;ER901190;200046;Kronos Handel GmbH;76570,00;Material
WE400711;28.11.2025;ER901191;200081;Orion Maschinen GmbH;32280,00;Material
WE400712;17.11.2025;ER901192;200083;Castor Chemie GmbH & Co. KG;39130,00;Material
WE400713;02.11.2025;ER901193;200043;Delta Etiketten GmbH;50663,00;Material
WE400714;08.11.2025;ER901194;200088;Saturn Recycling GmbH;53406,00;Material
WE400715;16.11.2025;ER901195;200122;Fokus Beschichtung GmbH;23778,00;Material
WE400716;12.11.2025;ER901196;200047;Terra Verpackung SE;35435,00;Material
WE400717;16.11.2025;ER901197;200070;Kronos Etiketten e.K.;31465,00;Material
WE400718;08.11.2025;ER901198;200031;Solum Industriebedarf e.K.;69147,00;Material
WE400719;10.11.2025;ER901199;200104;Kronos Verpackung AG;51642,00;Material
WE400720;14.11.2025;ER901200;200012;Orion Distribution SE;68816,00;Material
WE400721;11.11.2025;ER901201;200032;Iris Karton GmbH;74205,00;Material
WE400722;16.11.2025;ER901202;200044;Delta Etiketten GmbH & Co. KG;9107,00;Material
WE400723;08.11.2025;ER901203;200014;Reiher Recycling GmbH;57648,00;Material
WE400724;20.11.2025;ER901204;200009;Titan Transport SE;67729,00;Material
WE400725;05.11.2025;ER901205;200075;Delta Logistik SE;53264,00;Material
WE400726;15.11.2025;ER901206;200123;Kronos Folien KG;2073,00;Material
WE400727;07.11.2025;ER901207;200043;Delta Etiketten GmbH;29319,00;Material
WE400728;03.11.2025;ER901208;200095;Cives Beschichtung SE;50939,00;Material
WE400729;08.11.2025;ER901209;200086;Adler Papier GmbH;73618,00;Material
WE400730;06.11.2025;ER901210;200129;Omega Papier AG;62047,00;Material
WE400731;21.11.2025;ER901211;200108;Castor Distribution GmbH;9945,00;Material
WE400732;18.11.2025;ER901212;200092;Titan Verpackung KG;48291,00;Material
WE400733;12.11.2025;ER901213;200052;Solum Chemie GmbH;33912,00;Material
WE400734;15.11.2025;ER901214;200037;Kranich Chemie KG;45835,00;Material
WE400735;25.11.2025;ER901215;200101;Prisma Etiketten SE;87895,00;Material
WE400736;05.11.2025;ER901216;200096;Terra Beschichtung GmbH;79812,00;Material
WE400737;08.11.2025;ER901217;200013;West Papier AG;42138,00;Material
WE400738;03.11.2025;ER901218;200111;Corvus Maschinen KG;43177,00;Material
WE400739;26.11.2025;ER901219;200065;Reiher Kunststoff GmbH;11555,00;Material
WE400740;10.11.2025;ER901220;200040;Merkur Handel GmbH;2178,00;Material
WE400741;21.11.2025;ER901221;200103;Omega Recycling GmbH;21002,00;Material
WE400742;14.11.2025;ER901222;200026;Prisma Formteile e.K.;38364,00;Material
WE400743;04.11.2025;ER901223;200110;Saturn Formteile GmbH;35021,00;Material
WE400744;24.11.2025;ER901224;200075;Delta Logistik SE;72189,00;Material
WE400745;06.11.2025;ER901225;200068;Corvus Systeme GmbH;56954,00;Material
WE400746;02.11.2025;ER901226;200086;Adler Papier GmbH;14099,00;Material
WE400747;22.11.2025;ER901227;200118;Nova Chemie GmbH & Co. KG;11375,00;Material
WE400748;16.11.2025;ER901228;200022;Solum Kunststoff GmbH;60817,00;Material
WE400749;26.11.2025;ER901229;200037;Kranich Chemie KG;8285,00;Material
WE400750;28.11.2025;ER901230;200013;West Papier AG;41394,00;Material
WE400751;14.11.2025;ER901231;200017;Orion Handel GmbH & Co. KG;10599,00;Material
WE400752;22.11.2025;ER901232;200100;Pollux Verpackung e.K.;16980,00;Material
WE400753;05.11.2025;ER901233;200008;Vega Recycling GmbH;3336,00;Material
WE400754;09.11.2025;ER901234;200000;Delta Distribution SE;7264,00;Material
WE400755;17.11.2025;ER901235;200095;Cives Beschichtung SE;2851,00;Material
WE400756;03.11.2025;ER901236;200043;Delta Etiketten GmbH;55138,00;Material
WE400757;26.11.2025;ER901237;200047;Terra Verpackung SE;10612,00;Material
WE400758;26.11.2025;ER901238;200059;Lupus Handel SE;77445,00;Material
WE400759;18.11.2025;ER901239;200001;Boreas Distribution KG;66704,00;Material
WE400760;26.11.2025;ER901240;200004;Ratio Maschinen e.K.;17472,00;Material
WE400761;17.11.2025;ER901241;200110;Saturn Formteile GmbH;71725,00;Material
WE400762;25.11.2025;ER901242;200129;Omega Papier AG;39873,00;Material
WE400763;11.11.2025;ER901243;200122;Fokus Beschichtung GmbH;87632,00;Material
WE400764;19.11.2025;ER901244;200003;Iris Industriebedarf KG;29727,00;Material
WE400765;07.11.2025;ER901245;200015;Omega Transport GmbH;72037,00;Material
WE400766;02.11.2025;ER901246;200012;Orion Distribution SE;73895,00;Material
WE400767;18.11.2025;ER901247;200043;Delta Etiketten GmbH;23595,00;Material
WE400768;18.11.2025;ER901248;200002;Vega Systeme e.K.;47369,00;Material
WE400769;09.11.2025;ER901249;200016;Kranich Druck e.K.;21494,00;Material
WE400770;12.12.2025;ER901298;200128;Helios Karton KG;68817,00;Material
WE400771;10.12.2025;ER901299;200044;Delta Etiketten GmbH & Co. KG;4011,00;Material
WE400772;21.12.2025;ER901300;200122;Fokus Beschichtung GmbH;27554,00;Material
WE400773;05.12.2025;ER901301;200062;Pactum Industriebedarf GmbH & Co. KG;43041,00;Material
WE400774;21.12.2025;ER901302;200039;Corvus Formteile GmbH;71786,00;Material
WE400775;31.12.2025;ER901303;200013;West Papier AG;13054,00;Material
WE400776;17.12.2025;ER901304;200005;Kronos Technik KG;22949,00;Material
WE400777;03.12.2025;ER901305;200074;Delta Kunststoff GmbH;56071,00;Material
WE400778;26.12.2025;ER901306;200084;Ratio Druck SE;30779,00;Material
WE400779;23.12.2025;ER901307;200069;Ost Folien e.K.;85100,00;Material
WE400780;01.12.2025;ER901308;200085;Orion Logistik AG;75027,00;Material
WE400781;08.12.2025;ER901309;200076;Alpha Beschichtung e.K.;10373,00;Material
WE400782;05.12.2025;ER901310;200063;Titan Verpackung GmbH;5157,00;Material
WE400783;28.12.2025;ER901311;200041;Corvus Karton KG;9193,00;Material
WE400784;01.12.2025;ER901312;200044;Delta Etiketten GmbH & Co. KG;56376,00;Material
WE400785;12.12.2025;ER901313;200030;Pactum Maschinen e.K.;81631,00;Material
WE400786;18.12.2025;ER901314;200057;Saturn Maschinen GmbH;14408,00;Material
WE400787;01.12.2025;ER901315;200093;Pactum Druck GmbH;77710,00;Material
WE400788;30.12.2025;ER901316;200121;Vega Kunststoff AG;37958,00;Material
WE400789;26.12.2025;ER901317;200111;Corvus Maschinen KG;58105,00;Material
WE400790;01.12.2025;ER901318;200106;Vega Werkstoffe AG;10053,00;Material
WE400791;04.12.2025;ER901319;200041;Corvus Karton KG;40393,00;Material
WE400792;26.12.2025;ER901320;200008;Vega Recycling GmbH;8739,00;Material
WE400793;26.12.2025;ER901321;200109;Lupus Papier e.K.;76391,00;Material
WE400794;19.12.2025;ER901322;200116;Lupus Werkstoffe GmbH;35066,00;Material
WE400795;20.12.2025;ER901323;200005;Kronos Technik KG;65913,00;Material
WE400796;28.12.2025;ER901324;200009;Titan Transport SE;14700,00;Material
WE400797;19.12.2025;ER901325;200104;Kronos Verpackung AG;31199,00;Material
WE400798;06.12.2025;ER901326;200041;Corvus Karton KG;7587,00;Material
WE400799;06.12.2025;ER901327;200109;Lupus Papier e.K.;75740,00;Material
WE400800;27.12.2025;ER901328;200008;Vega Recycling GmbH;4118,00;Material
WE400801;05.12.2025;ER901329;200054;Saturn Folien GmbH;77056,00;Material
WE400802;30.12.2025;ER901330;200098;Prisma Systeme GmbH & Co. KG;78472,00;Material
WE400803;20.12.2025;ER901331;200028;Merkur Kunststoff GmbH;67273,00;Material
WE400804;25.12.2025;ER901332;200046;Kronos Handel GmbH;72964,00;Material
WE400805;29.12.2025;ER901333;200092;Titan Verpackung KG;41196,00;Material
WE400806;09.12.2025;ER901334;200104;Kronos Verpackung AG;7389,00;Material
WE400807;23.12.2025;ER901335;200041;Corvus Karton KG;69522,00;Material
WE400808;24.12.2025;ER901336;200042;Orion Technik GmbH;57101,00;Material
WE400809;07.12.2025;ER901337;200027;Titan Beschichtung SE;67803,00;Material
WE400810;11.12.2025;ER901338;200005;Kronos Technik KG;40760,00;Material
WE400811;21.12.2025;ER901339;200062;Pactum Industriebedarf GmbH & Co. KG;32848,00;Material
WE400812;02.12.2025;ER901340;200018;Titan Kunststoff AG;84679,00;Material
WE400813;01.12.2025;ER901341;200033;Aurora Formteile e.K.;69440,00;Material
WE400814;06.12.2025;ER901342;200006;Cives Maschinen GmbH;75277,00;Material
WE400815;25.12.2025;ER901343;200036;Titan Recycling GmbH & Co. KG;73195,00;Material
WE400816;17.12.2025;ER901344;200072;Cives Handel KG;7991,00;Material
WE400817;02.12.2025;ER901345;200110;Saturn Formteile GmbH;19615,00;Material
WE400818;24.12.2025;ER901346;200009;Titan Transport SE;23325,00;Material
WE400819;12.12.2025;ER901347;200036;Titan Recycling GmbH & Co. KG;9186,00;Material
WE400820;28.12.2025;ER901348;200047;Terra Verpackung SE;5009,00;Material
WE400821;16.12.2025;ER901349;200124;Iris Technik GmbH & Co. KG;30996,00;Material
WE400822;11.12.2025;ER901350;200092;Titan Verpackung KG;68571,00;Material
WE400823;19.12.2025;ER901351;200072;Cives Handel KG;56414,00;Material
WE400824;23.12.2025;ER901352;200121;Vega Kunststoff AG;19294,00;Material
WE400825;23.12.2025;ER901353;200127;Ost Systeme e.K.;59366,00;Material
WE400826;12.12.2025;ER901354;200090;Pactum Chemie SE;63186,00;Material
WE400827;29.12.2025;ER901355;200054;Saturn Folien GmbH;21344,00;Material
WE400828;06.12.2025;ER901356;200025;Ratio Beschichtung KG;53158,00;Material
WE400829;11.12.2025;ER901357;200057;Saturn Maschinen GmbH;70510,00;Material
WE400830;08.12.2025;ER901358;200042;Orion Technik GmbH;5319,00;Material
WE400831;08.12.2025;ER901359;200057;Saturn Maschinen GmbH;84018,00;Material
WE400832;12.12.2025;ER901360;200049;Aurora Technik GmbH;52325,00;Material
WE400833;19.12.2025;ER901361;200041;Corvus Karton KG;5971,00;Material
WE400834;16.12.2025;ER901362;200035;Fokus Handel GmbH;74502,00;Material
WE400835;26.12.2025;ER901363;200118;Nova Chemie GmbH & Co. KG;49994,00;Material
WE400836;06.12.2025;ER901364;200110;Saturn Formteile GmbH;38315,00;Material
WE400837;14.12.2025;ER901365;200112;Cives Maschinen GmbH & Co. KG;52151,00;Material
WE400838;11.12.2025;ER901366;200025;Ratio Beschichtung KG;4288,00;Material
WE400839;03.12.2025;ER901367;200052;Solum Chemie GmbH;25306,00;Material
WE400840;21.12.2025;;209130;Nord Transport GmbH;22000,00;Dez-Lieferung, Rechnung offen
WE400841;26.12.2025;;209131;Delta Energie GmbH;38000,00;Dez-Lieferung, Rechnung offen
WE400842;22.12.2025;;209132;Atlas Werkstoffe GmbH;41000,00;Dez-Lieferung, Rechnung offen
WE400843;22.12.2025;;209133;Vega Technik GmbH;17000,00;Dez-Lieferung, Rechnung offen
WE400844;25.12.2025;;209134;Orion Logistik GmbH;26000,00;Dez-Lieferung, Rechnung offen
WE400845;19.12.2025;;209135;Kronos Druck GmbH;14500,00;Dez-Lieferung, Rechnung offen
WE400846;20.12.2025;;209136;Prisma Chemie GmbH;20500,00;Dez-Lieferung, Rechnung offen
WE400847;20.12.2025;;209137;Helios Systeme GmbH;13000,00;Dez-Lieferung, Rechnung offen
WE400848;24.02.2025;ER901436;209110;Nord Logistik GmbH;8643,00;Logistik
WE400849;02.08.2025;ER901437;209110;Nord Logistik GmbH;2350,00;Logistik
WE400850;23.04.2025;ER901438;209110;Nord Logistik GmbH;7066,00;Logistik
WE400851;04.09.2025;ER901439;209111;Nordlicht Logistik GmbH;5682,00;Logistik
WE400852;05.06.2025;ER901440;209111;Nordlicht Logistik GmbH;3247,00;Logistik
WE400853;11.05.2025;ER901441;209111;Nordlicht Logistik GmbH;6155,00;Logistik
WE400854;05.08.2025;ER901442;209112;Vega Werkstoffe GmbH;8306,00;Material
WE400855;27.06.2025;ER901443;209112;Vega Werkstoffe GmbH;15852,00;Material
WE400856;17.11.2025;ER901444;209112;Vega Werkstoffe GmbH;16162,00;Material
WE400857;23.12.2025;ER901445;209112;Vega Werkstoffe GmbH;7325,00;Material
